INSERT INTO loan_products
(id, admission_fee_perc, apr_threshold, max_apr, max_interest, max_loan_period, max_principal, min_apr, min_interest, min_loan_period, min_principal, name, pm_default, req_id_copy, req_salary_cert, suspension_fee, type, salary_ratio_regular, salary_ratio_second_active, salary_ratio_unofficial, apr_threshold_guarantee, guarantee_fee_perc, guarantee_max_period, guarantee_product, paid_inst_records_threshold, turnover_threshold, max_suspended_days, official_paid_inst_records_threshold, official_turnover_threshold, salary_cert_limit, official_paid_inst_records_threshold_office, official_turnover_threshold_office, paid_inst_records_threshold_office, turnover_threshold_office, enabled, sort_order, car_loan, max_car_value_perc, apr_threshold_evening, apr_threshold_evening_guarantee, guarantee_monthly_max, sms_sign_limit, requires_data_verification) VALUES
  (102, 34, null, 350, 17, 8, 100000, 90, 12, 1, 10000, 'Car (Pledge)', false, true, false, 500, 'regular', 33.4, 40, 33.4, null, 0.25, 999, true, 4, 0, 17, 4, 0, 50000.1, 4, 0, 4, 0, false, NULL , true, 100, null, null, 200, null, false);

INSERT INTO loan_products
(id, admission_fee_perc, apr_threshold, max_apr, max_interest, max_loan_period, max_principal, min_apr, min_interest, min_loan_period, min_principal, name, pm_default, req_id_copy, req_salary_cert, suspension_fee, type, salary_ratio_regular, salary_ratio_second_active, salary_ratio_unofficial, apr_threshold_guarantee, guarantee_fee_perc, guarantee_max_period, guarantee_product, paid_inst_records_threshold, turnover_threshold, max_suspended_days, official_paid_inst_records_threshold, official_turnover_threshold, salary_cert_limit, official_paid_inst_records_threshold_office, official_turnover_threshold_office, paid_inst_records_threshold_office, turnover_threshold_office, enabled, sort_order, car_loan, max_car_value_perc, apr_threshold_evening, apr_threshold_evening_guarantee, guarantee_monthly_max, sms_sign_limit, requires_data_verification) VALUES
  (103, 34, null, 350, 17, 8, 100000, 90, 12, 1, 10000, 'Car (New Owner)', false, true, false, 500, 'regular', 33.4, 40, 33.4, null, 0.25, 999, true, 4, 0, 17, 4, 0, 50000.1, 4, 0, 4, 0, false, NULL , true, 100, null, null, 200, null, false);

INSERT INTO loan_product_settings ( allow_cash_release_duration, check_docs_duration, dealer_id, checking_duration, check_score_duration, scoring_duration, notify_client_duration, pay_out_duration, send_precontract_duration, type, upload_agreement_duration, vip, loan_product_id, check_official_duration, check_official_short_duration, check_unofficial_altcontact_duration, check_unofficial_employer_duration, check_unofficial_person_duration, check_balance_duration, deposit_money_duration, issue_card_duration, issue_pin_duration, bonus_task_duration_until_paid_out) VALUES (30, null, null, 45, 30, 15, 15, 60, null, 'general', 15, false, 102, null, null, null, null, null, null, null, null, null, 30);
INSERT INTO loan_product_settings ( allow_cash_release_duration, check_docs_duration, dealer_id, checking_duration, check_score_duration, scoring_duration, notify_client_duration, pay_out_duration, send_precontract_duration, type, upload_agreement_duration, vip, loan_product_id, check_official_duration, check_official_short_duration, check_unofficial_altcontact_duration, check_unofficial_employer_duration, check_unofficial_person_duration, check_balance_duration, deposit_money_duration, issue_card_duration, issue_pin_duration, bonus_task_duration_until_paid_out) VALUES (30, null, null, 45, 30, 15, 15, 60, null, 'general', 15, false, 103, null, null, null, null, null, null, null, null, null, 30);

INSERT INTO loan_product_condition (commission_perc, commission_perc_cash, interest_perc, interest_perc_cash, loan_amount_from, loan_amount_to, period, loan_product_id) VALUES (27, 27, 12, 12, null, null, 6, 102);
INSERT INTO loan_product_condition (commission_perc, commission_perc_cash, interest_perc, interest_perc_cash, loan_amount_from, loan_amount_to, period, loan_product_id) VALUES (28.5, 28.5, 17, 17, null, null, 7, 102);
INSERT INTO loan_product_condition (commission_perc, commission_perc_cash, interest_perc, interest_perc_cash, loan_amount_from, loan_amount_to, period, loan_product_id) VALUES (30, 30, 17, 17, null, null, 8, 102);
INSERT INTO loan_product_condition (commission_perc, commission_perc_cash, interest_perc, interest_perc_cash, loan_amount_from, loan_amount_to, period, loan_product_id) VALUES (10.5, 10.5, 17, 17, null, null, 1, 102);
INSERT INTO loan_product_condition (commission_perc, commission_perc_cash, interest_perc, interest_perc_cash, loan_amount_from, loan_amount_to, period, loan_product_id) VALUES (14.5, 14.5, 17, 17, null, null, 2, 102);
INSERT INTO loan_product_condition (commission_perc, commission_perc_cash, interest_perc, interest_perc_cash, loan_amount_from, loan_amount_to, period, loan_product_id) VALUES (19, 19, 17, 17, null, null, 3, 102);
INSERT INTO loan_product_condition (commission_perc, commission_perc_cash, interest_perc, interest_perc_cash, loan_amount_from, loan_amount_to, period, loan_product_id) VALUES (22, 22, 17, 17, null, null, 4, 102);
INSERT INTO loan_product_condition (commission_perc, commission_perc_cash, interest_perc, interest_perc_cash, loan_amount_from, loan_amount_to, period, loan_product_id) VALUES (24, 24, 17, 17, null, null, 5, 102);

INSERT INTO loan_product_condition (commission_perc, commission_perc_cash, interest_perc, interest_perc_cash, loan_amount_from, loan_amount_to, period, loan_product_id) VALUES (27, 27, 12, 12, null, null, 6, 103);
INSERT INTO loan_product_condition (commission_perc, commission_perc_cash, interest_perc, interest_perc_cash, loan_amount_from, loan_amount_to, period, loan_product_id) VALUES (28.5, 28.5, 17, 17, null, null, 7, 103);
INSERT INTO loan_product_condition (commission_perc, commission_perc_cash, interest_perc, interest_perc_cash, loan_amount_from, loan_amount_to, period, loan_product_id) VALUES (30, 30, 17, 17, null, null, 8, 103);
INSERT INTO loan_product_condition (commission_perc, commission_perc_cash, interest_perc, interest_perc_cash, loan_amount_from, loan_amount_to, period, loan_product_id) VALUES (10.5, 10.5, 17, 17, null, null, 1, 103);
INSERT INTO loan_product_condition (commission_perc, commission_perc_cash, interest_perc, interest_perc_cash, loan_amount_from, loan_amount_to, period, loan_product_id) VALUES (14.5, 14.5, 17, 17, null, null, 2, 103);
INSERT INTO loan_product_condition (commission_perc, commission_perc_cash, interest_perc, interest_perc_cash, loan_amount_from, loan_amount_to, period, loan_product_id) VALUES (19, 19, 17, 17, null, null, 3, 103);
INSERT INTO loan_product_condition (commission_perc, commission_perc_cash, interest_perc, interest_perc_cash, loan_amount_from, loan_amount_to, period, loan_product_id) VALUES (22, 22, 17, 17, null, null, 4, 103);
INSERT INTO loan_product_condition (commission_perc, commission_perc_cash, interest_perc, interest_perc_cash, loan_amount_from, loan_amount_to, period, loan_product_id) VALUES (24, 24, 17, 17, null, null, 5, 103);

INSERT INTO loan_products (id, admission_fee_perc, apr_threshold, max_apr, max_interest, max_loan_period, max_principal, min_apr, min_interest, min_loan_period, min_principal, name, pm_default, req_id_copy, req_salary_cert, suspension_fee, type, salary_ratio_regular, salary_ratio_second_active, salary_ratio_unofficial, apr_threshold_guarantee, guarantee_fee_perc, guarantee_max_period, guarantee_product, paid_inst_records_threshold, turnover_threshold, max_suspended_days, official_paid_inst_records_threshold, official_turnover_threshold, salary_cert_limit, official_paid_inst_records_threshold_office, official_turnover_threshold_office, paid_inst_records_threshold_office, turnover_threshold_office, enabled, sort_order, car_loan, max_car_value_perc, apr_threshold_evening, apr_threshold_evening_guarantee, guarantee_monthly_max, sms_sign_limit, requires_data_verification) VALUES
  (104, 20, null, 150, 15, 18, 210000, 36.5, 0, 1, 10000, 'Car Dealer (New Owner)', false, true, false, 500, 'dealer', 33.4, 33.4, 33.4, null, null, null, false, 3, 0, 17, 3, 0, 100000.01, 5, 0, 5, 0, false, null, true, 100, null, null, null, null, false);

INSERT INTO loan_product_settings (allow_cash_release_duration, check_docs_duration, dealer_id, checking_duration, check_score_duration, scoring_duration, notify_client_duration, pay_out_duration, send_precontract_duration, type, upload_agreement_duration, vip, loan_product_id, check_official_duration, check_official_short_duration, check_unofficial_altcontact_duration, check_unofficial_employer_duration, check_unofficial_person_duration, check_balance_duration, deposit_money_duration, issue_card_duration, issue_pin_duration, bonus_task_duration_until_paid_out) VALUES (null, 1440, null, 30, 30, 15, 15, 10080, null, 'general', null, false, 104, null, null, null, null, null, null, null, null, null, 30);
INSERT INTO loan_product_settings (allow_cash_release_duration, check_docs_duration, dealer_id, checking_duration, check_score_duration, scoring_duration, notify_client_duration, pay_out_duration, send_precontract_duration, type, upload_agreement_duration, vip, loan_product_id, check_official_duration, check_official_short_duration, check_unofficial_altcontact_duration, check_unofficial_employer_duration, check_unofficial_person_duration, check_balance_duration, deposit_money_duration, issue_card_duration, issue_pin_duration, bonus_task_duration_until_paid_out) VALUES (null, 720, null, 20, 15, 5, 5, 10080, null, 'vip', null, true, 104, null, null, null, null, null, null, null, null, null, 30);

